Tm,Tm,O,H,L,C,V,A
2017-12-01 09:30:00,2017-12-01 09:30:00,5.06,5.06,5.02,5.05,7072.0,478655.0
2017-12-01 10:00:00,2017-12-01 10:00:00,5.05,5.09,5.04,5.08,11382.0,180789.0
2017-12-01 10:30:00,2017-12-01 10:30:00,5.09,5.09,5.06,5.06,5506.0,45242.0
2017-12-01 11:00:00,2017-12-01 11:00:00,5.06,5.07,5.06,5.07,3623.0,162425.0
2017-12-01 13:00:00,2017-12-01 13:00:00,5.07,5.07,5.05,5.05,2098.0,51207.0
2017-12-01 13:30:00,2017-12-01 13:30:00,5.05,5.07,5.05,5.07,2217.0,15655.0
2017-12-01 14:00:00,2017-12-01 14:00:00,5.06,5.07,5.04,5.05,5609.0,91081.0
2017-12-01 14:30:00,2017-12-01 14:30:00,5.04,5.09,5.04,5.08,13582.0,90834.0
2017-12-04 09:30:00,2017-12-04 09:30:00,5.08,5.08,5.03,5.05,6127.0,256235.0
2017-12-04 10:00:00,2017-12-04 10:00:00,5.05,5.06,5.04,5.04,1656.0,54035.0
2017-12-04 10:30:00,2017-12-04 10:30:00,5.04,5.04,5.01,5.02,8724.0,54936.0
2017-12-04 11:00:00,2017-12-04 11:00:00,5.02,5.03,5.0,5.03,3392.0,40179.0
2017-12-04 13:00:00,2017-12-04 13:00:00,5.03,5.03,5.01,5.01,3295.0,285656.0
2017-12-04 13:30:00,2017-12-04 13:30:00,5.01,5.02,5.0,5.02,3683.0,10020.0
2017-12-04 14:00:00,2017-12-04 14:00:00,5.01,5.01,4.96,4.96,7481.0,5010.0
2017-12-04 14:30:00,2017-12-04 14:30:00,4.97,4.98,4.96,4.96,8342.0,104863.0
2017-12-05 09:30:00,2017-12-05 09:30:00,4.96,4.96,4.93,4.95,5513.0,297439.0
2017-12-05 10:00:00,2017-12-05 10:00:00,4.95,4.96,4.9,4.9,9203.0,32670.0
2017-12-05 10:30:00,2017-12-05 10:30:00,4.9,4.92,4.87,4.88,10490.0,537984.0
2017-12-05 11:00:00,2017-12-05 11:00:00,4.88,4.89,4.83,4.88,9352.0,20018.0
2017-12-05 13:00:00,2017-12-05 13:00:00,4.88,4.89,4.87,4.88,3567.0,338184.0
2017-12-05 13:30:00,2017-12-05 13:30:00,4.88,4.89,4.84,4.84,5605.0,124443.0
2017-12-05 14:00:00,2017-12-05 14:00:00,4.85,4.86,4.81,4.83,5081.0,42723.0
2017-12-05 14:30:00,2017-12-05 14:30:00,4.82,4.83,4.74,4.76,14206.0,60357.0
2017-12-06 09:30:00,2017-12-06 09:30:00,4.75,4.8,4.73,4.79,6479.0,228097.0
2017-12-06 10:00:00,2017-12-06 10:00:00,4.79,4.79,4.75,4.76,4473.0,4785.0
2017-12-06 10:30:00,2017-12-06 10:30:00,4.75,4.76,4.73,4.74,4432.0,240825.0
2017-12-06 11:00:00,2017-12-06 11:00:00,4.74,4.75,4.72,4.74,5851.0,286173.0
2017-12-06 13:00:00,2017-12-06 13:00:00,4.74,4.75,4.69,4.69,9032.0,124961.0
2017-12-06 13:30:00,2017-12-06 13:30:00,4.69,4.7,4.61,4.65,9505.0,43690.0
2017-12-06 14:00:00,2017-12-06 14:00:00,4.65,4.69,4.64,4.69,7376.0,81752.0
2017-12-06 14:30:00,2017-12-06 14:30:00,4.69,4.75,4.68,4.75,7980.0,149539.0
2017-12-07 09:30:00,2017-12-07 09:30:00,4.73,4.78,4.72,4.77,6412.0,82432.0
2017-12-07 10:00:00,2017-12-07 10:00:00,4.78,4.78,4.73,4.74,8681.0,10509.0
2017-12-07 10:30:00,2017-12-07 10:30:00,4.74,4.75,4.73,4.74,2950.0,4740.0
2017-12-07 13:00:00,2017-12-07 13:00:00,4.75,4.76,4.74,4.74,3438.0,76004.0
2017-12-07 13:30:00,2017-12-07 13:30:00,4.74,4.78,4.74,4.76,5471.0,17621.0
2017-12-07 14:00:00,2017-12-07 14:00:00,4.76,4.77,4.75,4.76,2866.0,29988.0
2017-12-07 14:30:00,2017-12-07 14:30:00,4.76,4.76,4.72,4.74,6863.0,73730.0
2017-12-08 09:30:00,2017-12-08 09:30:00,4.74,4.84,4.73,4.8,14041.0,352071.0
2017-12-08 10:00:00,2017-12-08 10:00:00,4.8,4.87,4.8,4.83,11434.0,115962.0
2017-12-08 10:30:00,2017-12-08 10:30:00,4.83,4.84,4.78,4.79,8531.0,9660.0
2017-12-08 11:00:00,2017-12-08 11:00:00,4.8,4.82,4.78,4.8,3376.0,480.0
2017-12-08 13:00:00,2017-12-08 13:00:00,4.8,4.84,4.8,4.83,3691.0,358822.0
2017-12-08 13:30:00,2017-12-08 13:30:00,4.83,4.84,4.79,4.8,4415.0,52650.0
2017-12-08 14:00:00,2017-12-08 14:00:00,4.8,4.82,4.8,4.82,2455.0,120960.0
2017-12-11 09:30:00,2017-12-11 09:30:00,4.82,4.87,4.8,4.87,14629.0,555410.0
2017-12-11 10:00:00,2017-12-11 10:00:00,4.87,4.9,4.86,4.87,12305.0,473111.0
2017-12-11 10:30:00,2017-12-11 10:30:00,4.87,4.88,4.86,4.87,5262.0,223496.0
2017-12-11 11:00:00,2017-12-11 11:00:00,4.87,4.88,4.85,4.87,4153.0,105075.0
2017-12-11 13:00:00,2017-12-11 13:00:00,4.87,4.87,4.85,4.85,2630.0,249318.0
2017-12-11 13:30:00,2017-12-11 13:30:00,4.85,4.86,4.84,4.85,3744.0,1455.0
2017-12-11 14:00:00,2017-12-11 14:00:00,4.85,4.86,4.85,4.86,5815.0,48015.0
2017-12-11 14:30:00,2017-12-11 14:30:00,4.86,4.86,4.84,4.86,7484.0,63566.0
2017-12-12 09:30:00,2017-12-12 09:30:00,4.87,4.87,4.81,4.81,16127.0,1065570.0
2017-12-12 10:00:00,2017-12-12 10:00:00,4.81,4.82,4.8,4.81,10447.0,170306.0
2017-12-12 10:30:00,2017-12-12 10:30:00,4.81,4.83,4.79,4.8,13012.0,107740.0
2017-12-12 11:00:00,2017-12-12 11:00:00,4.8,4.81,4.79,4.79,5240.0,16795.0
2017-12-12 13:00:00,2017-12-12 13:00:00,4.79,4.81,4.77,4.78,6992.0,99632.0
2017-12-12 13:30:00,2017-12-12 13:30:00,4.79,4.86,4.78,4.83,18892.0,74642.0
2017-12-12 14:00:00,2017-12-12 14:00:00,4.83,4.84,4.81,4.81,4891.0,31844.0
2017-12-12 14:30:00,2017-12-12 14:30:00,4.81,4.81,4.77,4.77,11418.0,65412.0
2017-12-13 09:30:00,2017-12-13 09:30:00,4.81,4.82,4.79,4.82,7833.0,138156.0
2017-12-13 10:00:00,2017-12-13 10:00:00,4.81,4.85,4.8,4.85,9617.0,6738.0
2017-12-13 10:30:00,2017-12-13 10:30:00,4.85,4.85,4.81,4.82,6204.0,59653.0
2017-12-13 11:00:00,2017-12-13 11:00:00,4.81,4.82,4.79,4.8,4438.0,38480.0
2017-12-13 13:00:00,2017-12-13 13:00:00,4.8,4.81,4.77,4.79,25749.0,146880.0
2017-12-13 13:30:00,2017-12-13 13:30:00,4.8,4.81,4.79,4.81,4149.0,46080.0
2017-12-13 14:00:00,2017-12-13 14:00:00,4.81,4.82,4.8,4.8,4640.0,20202.0
2017-12-13 14:30:00,2017-12-13 14:30:00,4.8,4.82,4.79,4.82,11506.0,60474.0
2017-12-14 09:30:00,2017-12-14 09:30:00,4.81,4.81,4.77,4.79,16330.0,52830.0
2017-12-14 10:00:00,2017-12-14 10:00:00,4.79,4.8,4.77,4.8,8941.0,120708.0
2017-12-14 10:30:00,2017-12-14 10:30:00,4.8,4.8,4.78,4.79,4773.0,5760.0
2017-12-14 11:00:00,2017-12-14 11:00:00,4.78,4.81,4.78,4.81,5396.0,6692.0
2017-12-14 13:00:00,2017-12-14 13:00:00,4.81,4.81,4.79,4.79,2016.0,247960.0
2017-12-14 13:30:00,2017-12-14 13:30:00,4.79,4.81,4.79,4.79,6766.0,1916.0
2017-12-14 14:30:00,2017-12-14 14:30:00,4.81,4.81,4.79,4.8,12794.0,74070.0
2017-12-15 09:30:00,2017-12-15 09:30:00,4.8,4.84,4.79,4.83,13804.0,8632.0
2017-12-15 10:00:00,2017-12-15 10:00:00,4.83,4.84,4.82,4.83,14918.0,565160.0
2017-12-15 10:30:00,2017-12-15 10:30:00,4.83,4.85,4.82,4.84,8946.0,160760.0
2017-12-15 11:00:00,2017-12-15 11:00:00,4.85,4.85,4.78,4.79,14693.0,154226.0
2017-12-15 13:00:00,2017-12-15 13:00:00,4.79,4.83,4.78,4.83,6839.0,149248.0
2017-12-15 13:30:00,2017-12-15 13:30:00,4.83,4.84,4.82,4.82,5674.0,15456.0
2017-12-15 14:00:00,2017-12-15 14:00:00,4.82,4.84,4.81,4.82,6305.0,80976.0
2017-12-15 14:30:00,2017-12-15 14:30:00,4.82,4.85,4.82,4.84,22938.0,785706.0
2017-12-18 09:30:00,2017-12-18 09:30:00,4.82,4.85,4.82,4.85,12131.0,399282.0
2017-12-18 10:00:00,2017-12-18 10:00:00,4.85,4.85,4.82,4.82,10807.0,56220.0
2017-12-18 11:00:00,2017-12-18 11:00:00,4.81,4.81,4.79,4.8,2409.0,15388.0
2017-12-18 13:00:00,2017-12-18 13:00:00,4.8,4.81,4.79,4.8,1945.0,65280.0
2017-12-18 13:30:00,2017-12-18 13:30:00,4.8,4.8,4.76,4.79,4677.0,38400.0
2017-12-18 14:00:00,2017-12-18 14:00:00,4.78,4.79,4.77,4.77,3019.0,34957.0
2017-12-18 14:30:00,2017-12-18 14:30:00,4.77,4.79,4.77,4.78,5715.0,21957.0
2017-12-19 09:30:00,2017-12-19 09:30:00,4.79,5.05,4.78,4.97,61661.0,227883.0
2017-12-19 10:00:00,2017-12-19 10:00:00,4.98,5.26,4.97,5.26,184612.0,1121268.0
2017-12-19 10:30:00,2017-12-19 10:30:00,5.26,5.26,5.26,5.26,11297.0,158852.0
2017-12-19 11:00:00,2017-12-19 11:00:00,5.26,5.26,5.26,5.26,5857.0,60490.0
2017-12-19 13:00:00,2017-12-19 13:00:00,5.26,5.26,5.26,5.26,4945.0,1327624.0
2017-12-19 13:30:00,2017-12-19 13:30:00,5.26,5.26,5.26,5.26,3289.0,563346.0
2017-12-19 14:00:00,2017-12-19 14:00:00,5.26,5.26,5.26,5.26,3725.0,31560.0
2017-12-19 14:30:00,2017-12-19 14:30:00,5.26,5.26,5.26,5.26,1566.0,2630.0
2017-12-20 09:30:00,2017-12-20 09:30:00,5.2,5.21,5.08,5.14,112407.0,11069098.0
2017-12-20 10:00:00,2017-12-20 10:00:00,5.14,5.15,5.09,5.1,43116.0,356700.0
2017-12-20 10:30:00,2017-12-20 10:30:00,5.1,5.12,5.06,5.09,36606.0,538062.0
2017-12-20 11:00:00,2017-12-20 11:00:00,5.1,5.11,5.05,5.07,28629.0,154003.0
2017-12-20 13:00:00,2017-12-20 13:00:00,5.07,5.14,5.07,5.11,17137.0,419089.0
2017-12-20 13:30:00,2017-12-20 13:30:00,5.1,5.12,5.08,5.09,12116.0,209185.0
2017-12-20 14:00:00,2017-12-20 14:00:00,5.1,5.12,5.09,5.11,18415.0,149708.0
2017-12-20 14:30:00,2017-12-20 14:30:00,5.1,5.12,5.09,5.11,27678.0,204016.0
2017-12-21 09:30:00,2017-12-21 09:30:00,5.06,5.1,5.03,5.05,38797.0,3540555.0
2017-12-21 10:00:00,2017-12-21 10:00:00,5.05,5.06,5.01,5.03,25263.0,379402.0
2017-12-21 10:30:00,2017-12-21 10:30:00,5.03,5.08,5.02,5.06,13213.0,366233.0
2017-12-21 11:00:00,2017-12-21 11:00:00,5.06,5.08,5.06,5.08,8389.0,132645.0
2017-12-21 13:00:00,2017-12-21 13:00:00,5.08,5.09,5.07,5.09,10998.0,467911.0
2017-12-21 13:30:00,2017-12-21 13:30:00,5.09,5.12,5.07,5.08,17977.0,503909.0
2017-12-21 14:00:00,2017-12-21 14:00:00,5.08,5.09,5.06,5.08,13157.0,716970.0
2017-12-21 14:30:00,2017-12-21 14:30:00,5.08,5.1,5.06,5.1,25088.0,18288.0
2017-12-22 09:30:00,2017-12-22 09:30:00,5.06,5.08,5.02,5.05,25697.0,1001956.0
2017-12-22 10:00:00,2017-12-22 10:00:00,5.05,5.05,5.03,5.03,12817.0,445853.0
2017-12-22 10:30:00,2017-12-22 10:30:00,5.03,5.04,5.0,5.01,17906.0,154662.0
2017-12-22 11:00:00,2017-12-22 11:00:00,5.01,5.03,4.97,5.03,11919.0,153804.0
2017-12-22 13:00:00,2017-12-22 13:00:00,5.03,5.03,5.0,5.01,4406.0,240948.0
2017-12-22 13:30:00,2017-12-22 13:30:00,5.02,5.02,4.99,5.01,6707.0,47123.0
2017-12-22 14:00:00,2017-12-22 14:00:00,5.0,5.01,4.98,5.0,8703.0,47504.0
2017-12-22 14:30:00,2017-12-22 14:30:00,5.01,5.01,4.98,4.98,19711.0,83562.0
2017-12-25 09:30:00,2017-12-25 09:30:00,4.97,4.98,4.92,4.93,22562.0,826655.0
2017-12-25 10:00:00,2017-12-25 10:00:00,4.94,4.94,4.89,4.9,19886.0,187365.0
2017-12-25 10:30:00,2017-12-25 10:30:00,4.9,4.9,4.84,4.85,14815.0,86093.0
2017-12-25 11:00:00,2017-12-25 11:00:00,4.86,4.9,4.85,4.87,5458.0,91727.0
2017-12-25 13:00:00,2017-12-25 13:00:00,4.87,4.89,4.86,4.86,3865.0,268837.0
2017-12-25 13:30:00,2017-12-25 13:30:00,4.86,4.88,4.85,4.86,4217.0,5842.0
2017-12-25 14:00:00,2017-12-25 14:00:00,4.87,4.88,4.84,4.84,6592.0,78407.0
2017-12-25 14:30:00,2017-12-25 14:30:00,4.84,4.87,4.83,4.86,15018.0,20830.0
2017-12-26 09:30:00,2017-12-26 09:30:00,4.83,4.89,4.83,4.88,15125.0,962040.0
2017-12-26 10:00:00,2017-12-26 10:00:00,4.88,4.88,4.84,4.85,7893.0,219490.0
2017-12-26 10:30:00,2017-12-26 10:30:00,4.85,4.86,4.82,4.85,7983.0,55779.0
2017-12-26 11:00:00,2017-12-26 11:00:00,4.85,4.88,4.84,4.87,3883.0,121247.0
2017-12-26 13:00:00,2017-12-26 13:00:00,4.88,4.89,4.86,4.89,6400.0,249368.0
2017-12-26 13:30:00,2017-12-26 13:30:00,4.89,4.92,4.88,4.91,10239.0,29819.0
2017-12-26 14:00:00,2017-12-26 14:00:00,4.9,4.91,4.88,4.9,5682.0,54390.0
2017-12-26 14:30:00,2017-12-26 14:30:00,4.9,4.91,4.89,4.91,13045.0,294000.0
2017-12-27 09:30:00,2017-12-27 09:30:00,4.88,4.89,4.83,4.87,14715.0,371098.0
2017-12-27 10:00:00,2017-12-27 10:00:00,4.87,4.9,4.86,4.89,7121.0,230368.0
2017-12-27 10:30:00,2017-12-27 10:30:00,4.88,4.89,4.86,4.89,7916.0,540704.0
2017-12-27 11:00:00,2017-12-27 11:00:00,4.89,4.9,4.88,4.88,3952.0,67938.0
2017-12-27 13:00:00,2017-12-27 13:00:00,4.88,4.9,4.87,4.88,3753.0,68355.0
2017-12-27 13:30:00,2017-12-27 13:30:00,4.87,4.89,4.87,4.87,3799.0,65495.0
2017-12-27 14:30:00,2017-12-27 14:30:00,4.86,4.86,4.84,4.86,14838.0,22353.0
2018-01-02 09:30:00,2018-01-02 09:30:00,4.99,4.99,4.92,4.95,20808.0,585311.0
2018-01-02 10:00:00,2018-01-02 10:00:00,4.95,4.96,4.93,4.96,14854.0,37125.0
2018-01-02 10:30:00,2018-01-02 10:30:00,4.95,4.97,4.95,4.96,4741.0,263845.0
2018-01-02 11:00:00,2018-01-02 11:00:00,4.96,4.98,4.96,4.96,5741.0,30256.0
2018-01-02 13:00:00,2018-01-02 13:00:00,4.97,4.98,4.96,4.98,5587.0,214704.0
2018-01-02 13:30:00,2018-01-02 13:30:00,4.98,4.99,4.96,4.97,4791.0,7966.0
2018-01-02 14:00:00,2018-01-02 14:00:00,4.98,4.99,4.96,4.98,6501.0,60675.0
2018-01-02 14:30:00,2018-01-02 14:30:00,4.98,4.99,4.97,4.99,12938.0,164719.0
2018-01-03 09:30:00,2018-01-03 09:30:00,5.01,5.05,5.0,5.01,26282.0,1041256.0
2018-01-03 10:00:00,2018-01-03 10:00:00,5.01,5.02,4.99,5.0,11410.0,225863.0
2018-01-03 10:30:00,2018-01-03 10:30:00,5.01,5.02,5.0,5.0,7316.0,88176.0
2018-01-03 11:00:00,2018-01-03 11:00:00,5.0,5.03,5.0,5.03,5980.0,64124.0
2018-01-03 13:00:00,2018-01-03 13:00:00,5.03,5.04,5.01,5.02,8364.0,347592.0
2018-01-03 13:30:00,2018-01-03 13:30:00,5.02,5.03,5.01,5.02,6026.0,27622.0
2018-01-03 14:00:00,2018-01-03 14:00:00,5.02,5.05,5.01,5.04,9149.0,75278.0
2018-01-03 14:30:00,2018-01-03 14:30:00,5.05,5.05,5.01,5.03,12395.0,218047.0
2018-01-04 09:30:00,2018-01-04 09:30:00,5.02,5.1,5.02,5.06,33425.0,568778.0
2018-01-04 10:00:00,2018-01-04 10:00:00,5.06,5.07,5.05,5.06,9724.0,65867.0
2018-01-04 10:30:00,2018-01-04 10:30:00,5.06,5.06,5.04,5.05,7548.0,69018.0
2018-01-04 11:00:00,2018-01-04 11:00:00,5.05,5.06,5.04,5.05,5902.0,51232.0
2018-01-04 13:00:00,2018-01-04 13:00:00,5.05,5.07,5.05,5.05,5516.0,589326.0
2018-01-04 13:30:00,2018-01-04 13:30:00,5.05,5.06,5.04,5.04,4262.0,28816.0
2018-01-04 14:00:00,2018-01-04 14:00:00,5.04,5.05,5.03,5.04,7027.0,390109.0
2018-01-04 14:30:00,2018-01-04 14:30:00,5.04,5.05,5.03,5.05,12261.0,157248.0
2018-01-05 09:30:00,2018-01-05 09:30:00,5.36,5.5,5.21,5.22,128670.0,17360659.0
2018-01-05 10:00:00,2018-01-05 10:00:00,5.22,5.25,5.19,5.23,25489.0,1263860.0
2018-01-05 10:30:00,2018-01-05 10:30:00,5.22,5.23,5.15,5.19,14344.0,514338.0
2018-01-05 11:00:00,2018-01-05 11:00:00,5.19,5.2,5.15,5.17,8436.0,231166.0
2018-01-05 13:00:00,2018-01-05 13:00:00,5.17,5.19,5.16,5.18,7646.0,519812.0
2018-01-05 13:30:00,2018-01-05 13:30:00,5.18,5.18,5.14,5.15,12942.0,17094.0
2018-01-05 14:00:00,2018-01-05 14:00:00,5.15,5.18,5.14,5.16,7598.0,20582.0
2018-01-05 14:30:00,2018-01-05 14:30:00,5.16,5.17,5.12,5.13,23628.0,657611.0
2018-01-08 09:30:00,2018-01-08 09:30:00,5.1,5.17,5.06,5.14,41104.0,5773207.0
2018-01-08 10:00:00,2018-01-08 10:00:00,5.13,5.39,5.13,5.32,93946.0,3314835.0
2018-01-08 10:30:00,2018-01-08 10:30:00,5.32,5.64,5.29,5.64,183976.0,638871.0
2018-01-08 11:00:00,2018-01-08 11:00:00,5.64,5.64,5.52,5.55,133561.0,777496.0
2018-01-08 13:00:00,2018-01-08 13:00:00,5.55,5.58,5.49,5.51,44738.0,2785127.0
2018-01-08 13:30:00,2018-01-08 13:30:00,5.51,5.56,5.5,5.55,21224.0,196187.0
2018-01-08 14:00:00,2018-01-08 14:00:00,5.54,5.64,5.53,5.58,55175.0,463967.0
2018-01-08 14:30:00,2018-01-08 14:30:00,5.57,5.6,5.55,5.56,42728.0,436285.0
2018-01-09 09:30:00,2018-01-09 09:30:00,5.45,5.47,5.32,5.33,169173.0,14849927.0
2018-01-09 10:00:00,2018-01-09 10:00:00,5.32,5.38,5.32,5.34,42706.0,663010.0
2018-01-09 10:30:00,2018-01-09 10:30:00,5.34,5.45,5.32,5.44,53760.0,342342.0
2018-01-09 11:00:00,2018-01-09 11:00:00,5.44,5.47,5.39,5.41,37482.0,3420939.0
2018-01-09 13:00:00,2018-01-09 13:00:00,5.41,5.43,5.37,5.39,19455.0,647991.0
2018-01-09 13:30:00,2018-01-09 13:30:00,5.39,5.4,5.36,5.37,16121.0,93759.0
2018-01-09 14:00:00,2018-01-09 14:00:00,5.35,5.37,5.32,5.35,23407.0,385714.0
2018-01-09 14:30:00,2018-01-09 14:30:00,5.36,5.38,5.33,5.34,34238.0,221540.0
2018-01-10 09:30:00,2018-01-10 09:30:00,5.43,5.78,5.4,5.68,220004.0,16244979.0
2018-01-10 10:00:00,2018-01-10 10:00:00,5.68,5.71,5.61,5.62,55168.0,2046479.0
2018-01-10 10:30:00,2018-01-10 10:30:00,5.61,5.62,5.55,5.56,30635.0,1024416.0
2018-01-10 11:00:00,2018-01-10 11:00:00,5.56,5.56,5.5,5.56,20437.0,665058.0
2018-01-10 13:00:00,2018-01-10 13:00:00,5.56,5.69,5.56,5.66,64858.0,1441793.0
2018-01-10 13:30:00,2018-01-10 13:30:00,5.66,5.78,5.65,5.69,92149.0,1517337.0
2018-01-10 14:00:00,2018-01-10 14:00:00,5.7,5.75,5.67,5.73,40505.0,1381896.0
2018-01-10 14:30:00,2018-01-10 14:30:00,5.73,5.74,5.66,5.68,62352.0,931940.0
2018-01-11 09:30:00,2018-01-11 09:30:00,5.57,5.87,5.49,5.78,232492.0,11991892.0
2018-01-11 10:00:00,2018-01-11 10:00:00,5.77,5.86,5.69,5.8,88818.0,2047788.0
2018-01-11 10:30:00,2018-01-11 10:30:00,5.8,5.83,5.7,5.7,55247.0,1970031.0
2018-01-11 11:00:00,2018-01-11 11:00:00,5.71,5.81,5.7,5.78,28048.0,605028.0
2018-01-11 13:00:00,2018-01-11 13:00:00,5.79,5.98,5.77,5.93,113422.0,803056.0
2018-01-11 13:30:00,2018-01-11 13:30:00,5.95,6.1,5.93,6.0,102600.0,2248413.0
2018-01-11 14:00:00,2018-01-11 14:00:00,5.99,6.05,5.92,5.95,40508.0,657130.0
2018-01-11 14:30:00,2018-01-11 14:30:00,5.95,5.96,5.88,5.89,68325.0,818815.0
2018-01-12 09:30:00,2018-01-12 09:30:00,5.74,5.85,5.68,5.76,143277.0,11625564.0
2018-01-12 10:00:00,2018-01-12 10:00:00,5.76,5.82,5.7,5.77,60748.0,2020949.0
2018-01-12 10:30:00,2018-01-12 10:30:00,5.76,5.78,5.71,5.73,32091.0,429143.0
2018-01-12 11:00:00,2018-01-12 11:00:00,5.74,5.75,5.68,5.69,37876.0,403538.0
2018-01-12 13:00:00,2018-01-12 13:00:00,5.7,5.73,5.69,5.7,20080.0,1407721.0
2018-01-12 13:30:00,2018-01-12 13:30:00,5.7,5.72,5.68,5.69,22505.0,224831.0
2018-01-12 14:00:00,2018-01-12 14:00:00,5.69,5.71,5.65,5.66,44370.0,620093.0
2018-01-12 14:30:00,2018-01-12 14:30:00,5.67,5.69,5.62,5.63,54754.0,291995.0
2018-01-15 09:30:00,2018-01-15 09:30:00,5.4,5.49,5.32,5.4,104032.0,11782246.0
2018-01-15 10:00:00,2018-01-15 10:00:00,5.4,5.45,5.38,5.39,26777.0,511432.0
2018-01-15 10:30:00,2018-01-15 10:30:00,5.39,5.42,5.37,5.42,15259.0,220238.0
2018-01-15 11:00:00,2018-01-15 11:00:00,5.41,5.45,5.4,5.4,16143.0,210755.0
2018-01-15 13:00:00,2018-01-15 13:00:00,5.4,5.43,5.39,5.39,10731.0,434525.0
2018-01-15 13:30:00,2018-01-15 13:30:00,5.38,5.4,5.33,5.35,28417.0,162090.0
2018-01-15 14:00:00,2018-01-15 14:00:00,5.36,5.38,5.33,5.33,17235.0,212731.0
2018-01-15 14:30:00,2018-01-15 14:30:00,5.33,5.34,5.23,5.32,51671.0,766507.0
2018-01-16 09:30:00,2018-01-16 09:30:00,5.32,5.45,5.32,5.42,51275.0,2751316.0
2018-01-16 10:00:00,2018-01-16 10:00:00,5.41,5.43,5.38,5.39,17985.0,340962.0
2018-01-16 10:30:00,2018-01-16 10:30:00,5.39,5.41,5.33,5.38,21486.0,183699.0
2018-01-16 11:00:00,2018-01-16 11:00:00,5.38,5.39,5.33,5.33,13005.0,310221.0
2018-01-16 13:00:00,2018-01-16 13:00:00,5.33,5.44,5.33,5.41,17500.0,587148.0
2018-01-16 13:30:00,2018-01-16 13:30:00,5.41,5.45,5.4,5.41,22859.0,155190.0
2018-01-16 14:00:00,2018-01-16 14:00:00,5.41,5.44,5.4,5.4,13713.0,126594.0
2018-01-16 14:30:00,2018-01-16 14:30:00,5.4,5.44,5.4,5.44,21454.0,135003.0
2018-01-17 09:30:00,2018-01-17 09:30:00,5.28,5.29,5.09,5.13,113266.0,6668535.0
2018-01-17 10:00:00,2018-01-17 10:00:00,5.13,5.17,5.06,5.07,63207.0,270137.0
2018-01-17 10:30:00,2018-01-17 10:30:00,5.07,5.13,5.07,5.13,21162.0,927454.0
2018-01-17 11:00:00,2018-01-17 11:00:00,5.12,5.17,5.1,5.15,14070.0,94883.0
2018-01-17 13:00:00,2018-01-17 13:00:00,5.15,5.17,5.14,5.15,10165.0,497805.0
2018-01-17 13:30:00,2018-01-17 13:30:00,5.15,5.16,5.14,5.16,12193.0,131229.0
2018-01-17 14:00:00,2018-01-17 14:00:00,5.16,5.18,5.15,5.17,10176.0,214140.0
2018-01-17 14:30:00,2018-01-17 14:30:00,5.18,5.18,5.13,5.15,23711.0,294691.0
2018-01-18 09:30:00,2018-01-18 09:30:00,5.14,5.16,5.11,5.15,24515.0,760971.0
2018-01-18 10:00:00,2018-01-18 10:00:00,5.15,5.16,5.13,5.15,12935.0,51574.0
2018-01-18 10:30:00,2018-01-18 10:30:00,5.15,5.16,5.12,5.13,8624.0,35019.0
2018-01-18 11:00:00,2018-01-18 11:00:00,5.13,5.14,5.11,5.12,10027.0,181602.0
2018-01-18 13:00:00,2018-01-18 13:00:00,5.12,5.13,5.11,5.12,7146.0,383331.0
2018-01-18 13:30:00,2018-01-18 13:30:00,5.12,5.13,5.11,5.13,5794.0,66563.0
2018-01-18 14:00:00,2018-01-18 14:00:00,5.12,5.13,5.1,5.11,9197.0,164353.0
2018-01-18 14:30:00,2018-01-18 14:30:00,5.11,5.12,5.1,5.11,19092.0,281251.0
2018-01-19 09:30:00,2018-01-19 09:30:00,5.13,5.15,5.07,5.1,27629.0,1248056.0
2018-01-19 10:00:00,2018-01-19 10:00:00,5.11,5.15,5.11,5.12,19307.0,204481.0
2018-01-19 10:30:00,2018-01-19 10:30:00,5.13,5.14,5.12,5.13,8134.0,259486.0
2018-01-19 11:00:00,2018-01-19 11:00:00,5.13,5.13,5.1,5.11,7532.0,263252.0
2018-01-19 13:00:00,2018-01-19 13:00:00,5.11,5.12,5.09,5.1,9102.0,247640.0
2018-01-19 13:30:00,2018-01-19 13:30:00,5.1,5.12,5.09,5.1,5836.0,245294.0
2018-01-19 14:00:00,2018-01-19 14:00:00,5.11,5.12,5.08,5.08,15055.0,43349.0
2018-01-19 14:30:00,2018-01-19 14:30:00,5.08,5.1,5.06,5.07,16792.0,209325.0
2018-01-22 09:30:00,2018-01-22 09:30:00,5.07,5.07,4.94,4.94,40070.0,735146.0
2018-01-22 10:00:00,2018-01-22 10:00:00,4.94,4.97,4.92,4.96,17481.0,1106607.0
2018-01-22 10:30:00,2018-01-22 10:30:00,4.96,5.07,4.96,5.07,22424.0,107638.0
2018-01-22 11:00:00,2018-01-22 11:00:00,5.07,5.08,5.05,5.07,7164.0,320373.0
2018-01-22 13:00:00,2018-01-22 13:00:00,5.07,5.07,5.05,5.06,5163.0,281864.0
2018-01-22 13:30:00,2018-01-22 13:30:00,5.07,5.07,5.05,5.05,5639.0,119123.0
2018-01-22 14:00:00,2018-01-22 14:00:00,5.05,5.06,5.04,5.06,4385.0,104029.0
2018-01-22 14:30:00,2018-01-22 14:30:00,5.05,5.05,5.03,5.04,11457.0,555398.0
2018-01-23 09:30:00,2018-01-23 09:30:00,5.04,5.07,5.01,5.07,17759.0,538335.0
2018-01-23 10:00:00,2018-01-23 10:00:00,5.07,5.07,5.02,5.05,9406.0,321063.0
2018-01-23 10:30:00,2018-01-23 10:30:00,5.04,5.06,5.03,5.05,9366.0,115517.0
2018-01-23 11:00:00,2018-01-23 11:00:00,5.05,5.06,5.04,5.05,3266.0,96465.0
2018-01-23 13:00:00,2018-01-23 13:00:00,5.05,5.06,5.03,5.04,6507.0,308555.0
2018-01-23 13:30:00,2018-01-23 13:30:00,5.03,5.04,5.02,5.02,10278.0,22662.0
2018-01-23 14:00:00,2018-01-23 14:00:00,5.02,5.04,5.02,5.04,5114.0,36646.0
2018-01-23 14:30:00,2018-01-23 14:30:00,5.03,5.05,5.03,5.05,10717.0,6539.0
2018-01-24 09:30:00,2018-01-24 09:30:00,5.06,5.06,5.01,5.01,12738.0,897486.0
2018-01-24 10:00:00,2018-01-24 10:00:00,5.01,5.08,5.01,5.06,12676.0,213426.0
2018-01-24 10:30:00,2018-01-24 10:30:00,5.06,5.12,5.05,5.11,23584.0,194727.0
2018-01-24 11:00:00,2018-01-24 11:00:00,5.11,5.11,5.09,5.1,9163.0,345914.0
2018-01-24 13:00:00,2018-01-24 13:00:00,5.1,5.11,5.08,5.08,9770.0,276585.0
2018-01-24 13:30:00,2018-01-24 13:30:00,5.08,5.1,5.08,5.09,7512.0,19838.0
2018-01-24 14:00:00,2018-01-24 14:00:00,5.09,5.1,5.08,5.09,8913.0,233774.0
2018-01-24 14:30:00,2018-01-24 14:30:00,5.1,5.12,5.09,5.12,16081.0,20885.0
2018-01-25 09:30:00,2018-01-25 09:30:00,5.12,5.12,5.08,5.11,15267.0,637378.0
2018-01-25 10:00:00,2018-01-25 10:00:00,5.1,5.21,5.1,5.17,29468.0,69483.0
2018-01-25 10:30:00,2018-01-25 10:30:00,5.16,5.18,5.16,5.17,12402.0,276264.0
2018-01-25 11:00:00,2018-01-25 11:00:00,5.16,5.17,5.14,5.16,6364.0,747291.0
2018-01-25 13:00:00,2018-01-25 13:00:00,5.16,5.17,5.15,5.15,7290.0,667319.0
2018-01-25 13:30:00,2018-01-25 13:30:00,5.15,5.16,5.14,5.14,9162.0,137505.0
2018-01-25 14:00:00,2018-01-25 14:00:00,5.14,5.15,5.11,5.13,12514.0,198921.0
2018-01-25 14:30:00,2018-01-25 14:30:00,5.13,5.14,5.09,5.1,17202.0,30785.0
2018-01-26 09:30:00,2018-01-26 09:30:00,5.09,5.12,5.08,5.12,9991.0,384754.0
2018-01-26 10:00:00,2018-01-26 10:00:00,5.11,5.15,5.1,5.15,10975.0,68479.0
2018-01-26 10:30:00,2018-01-26 10:30:00,5.16,5.17,5.11,5.12,7990.0,647680.0
2018-01-26 11:00:00,2018-01-26 11:00:00,5.11,5.13,5.1,5.13,4686.0,173759.0
2018-01-26 13:00:00,2018-01-26 13:00:00,5.13,5.14,5.12,5.13,5514.0,92788.0
2018-01-26 13:30:00,2018-01-26 13:30:00,5.13,5.14,5.12,5.13,4765.0,118068.0
2018-01-26 14:00:00,2018-01-26 14:00:00,5.12,5.14,5.11,5.11,5795.0,27138.0
2018-01-26 14:30:00,2018-01-26 14:30:00,5.11,5.12,5.09,5.11,11122.0,161987.0
2018-01-29 09:30:00,2018-01-29 09:30:00,5.08,5.11,5.07,5.07,13034.0,588283.0
2018-01-29 10:00:00,2018-01-29 10:00:00,5.07,5.07,5.03,5.04,20638.0,233926.0
2018-01-29 10:30:00,2018-01-29 10:30:00,5.05,5.05,5.03,5.03,9024.0,80780.0
2018-01-29 11:00:00,2018-01-29 11:00:00,5.04,5.04,5.0,5.02,11559.0,25160.0
2018-01-29 13:00:00,2018-01-29 13:00:00,5.02,5.03,5.01,5.02,4762.0,434729.0
2018-01-29 13:30:00,2018-01-29 13:30:00,5.02,5.03,5.01,5.03,4136.0,17568.0
2018-01-29 14:00:00,2018-01-29 14:00:00,5.03,5.05,5.01,5.02,7473.0,277683.0
2018-01-29 14:30:00,2018-01-29 14:30:00,5.02,5.06,5.02,5.03,7518.0,5025.0
2018-01-30 09:30:00,2018-01-30 09:30:00,5.0,5.06,5.0,5.05,6696.0,215683.0
2018-01-30 10:00:00,2018-01-30 10:00:00,5.05,5.05,4.99,5.01,10834.0,474265.0
2018-01-30 10:30:00,2018-01-30 10:30:00,5.0,5.01,4.98,4.98,11942.0,39021.0
2018-01-30 11:00:00,2018-01-30 11:00:00,4.99,5.0,4.98,4.99,4403.0,216647.0
2018-01-30 13:00:00,2018-01-30 13:00:00,4.99,5.01,4.98,5.01,3818.0,246506.0
2018-01-30 13:30:00,2018-01-30 13:30:00,5.0,5.02,5.0,5.01,1687.0,500.0
2018-01-30 14:00:00,2018-01-30 14:00:00,5.0,5.0,4.98,4.99,6284.0,474500.0
2018-01-30 14:30:00,2018-01-30 14:30:00,5.0,5.0,4.98,4.98,7306.0,66396.0
2018-01-31 09:30:00,2018-01-31 09:30:00,4.98,4.98,4.87,4.89,21370.0,699428.0
2018-01-31 10:00:00,2018-01-31 10:00:00,4.89,4.9,4.85,4.86,13695.0,215918.0
2018-01-31 10:30:00,2018-01-31 10:30:00,4.86,4.86,4.81,4.85,10576.0,416960.0
2018-01-31 11:00:00,2018-01-31 11:00:00,4.85,4.87,4.83,4.86,5088.0,41198.0
2018-01-31 13:00:00,2018-01-31 13:00:00,4.86,4.86,4.83,4.84,5947.0,634230.0
2018-01-31 13:30:00,2018-01-31 13:30:00,4.83,4.84,4.81,4.82,8638.0,154594.0
2018-01-31 14:00:00,2018-01-31 14:00:00,4.82,4.83,4.73,4.78,17729.0,38603.0
2018-01-31 14:30:00,2018-01-31 14:30:00,4.78,4.81,4.78,4.79,7776.0,216334.0
2018-02-01 09:30:00,2018-02-01 09:30:00,4.82,4.84,4.73,4.73,9044.0,206951.0
2018-02-01 10:00:00,2018-02-01 10:00:00,4.74,4.75,4.7,4.7,11832.0,651974.0
2018-02-01 10:30:00,2018-02-01 10:30:00,4.7,4.73,4.56,4.59,20919.0,610728.0
2018-02-01 11:00:00,2018-02-01 11:00:00,4.59,4.64,4.58,4.6,12095.0,146509.0
2018-02-01 13:00:00,2018-02-01 13:00:00,4.59,4.6,4.57,4.57,8571.0,892289.0
2018-02-01 13:30:00,2018-02-01 13:30:00,4.56,4.63,4.56,4.6,5355.0,106397.0
2018-02-01 14:00:00,2018-02-01 14:00:00,4.6,4.62,4.59,4.6,6890.0,92919.0
2018-02-01 14:30:00,2018-02-01 14:30:00,4.6,4.6,4.54,4.55,14468.0,152443.0
2018-02-02 09:30:00,2018-02-02 09:30:00,4.54,4.54,4.35,4.49,18528.0,304327.0
2018-02-02 10:00:00,2018-02-02 10:00:00,4.49,4.55,4.47,4.52,9107.0,67703.0
2018-02-02 10:30:00,2018-02-02 10:30:00,4.52,4.55,4.51,4.55,5061.0,34802.0
2018-02-02 11:00:00,2018-02-02 11:00:00,4.55,4.56,4.51,4.51,4367.0,29574.0
2018-02-02 13:00:00,2018-02-02 13:00:00,4.51,4.52,4.49,4.49,3808.0,59851.0
2018-02-02 13:30:00,2018-02-02 13:30:00,4.49,4.51,4.49,4.5,3218.0,59268.0
2018-02-02 14:00:00,2018-02-02 14:00:00,4.49,4.51,4.48,4.51,5450.0,85376.0
2018-02-02 14:30:00,2018-02-02 14:30:00,4.51,4.53,4.5,4.52,6324.0,63970.0
2018-02-05 09:30:00,2018-02-05 09:30:00,4.48,4.48,4.42,4.47,8427.0,597489.0
2018-02-05 10:00:00,2018-02-05 10:00:00,4.47,4.52,4.47,4.52,4348.0,54534.0
2018-02-05 10:30:00,2018-02-05 10:30:00,4.5,4.52,4.49,4.5,2656.0,144940.0
2018-02-05 13:00:00,2018-02-05 13:00:00,4.51,4.53,4.5,4.52,2507.0,133892.0
2018-02-05 13:30:00,2018-02-05 13:30:00,4.52,4.55,4.52,4.53,3969.0,4070.0
2018-02-05 14:00:00,2018-02-05 14:00:00,4.53,4.54,4.51,4.51,3059.0,43045.0
2018-02-05 14:30:00,2018-02-05 14:30:00,4.51,4.53,4.51,4.52,5183.0,33398.0
2018-02-06 09:30:00,2018-02-06 09:30:00,4.47,4.47,4.42,4.44,10291.0,569465.0
2018-02-06 10:00:00,2018-02-06 10:00:00,4.43,4.45,4.42,4.44,5092.0,140954.0
2018-02-06 10:30:00,2018-02-06 10:30:00,4.42,4.44,4.4,4.41,6040.0,75142.0
2018-02-06 11:00:00,2018-02-06 11:00:00,4.41,4.41,4.37,4.38,9115.0,109646.0
2018-02-06 13:00:00,2018-02-06 13:00:00,4.38,4.38,4.33,4.33,9669.0,405972.0
2018-02-06 13:30:00,2018-02-06 13:30:00,4.33,4.35,4.27,4.34,9891.0,165849.0
2018-02-06 14:00:00,2018-02-06 14:00:00,4.34,4.35,4.27,4.29,8177.0,107316.0
2018-02-06 14:30:00,2018-02-06 14:30:00,4.28,4.3,4.11,4.11,21017.0,308180.0
2018-02-07 09:30:00,2018-02-07 09:30:00,4.18,4.27,4.18,4.23,15539.0,576088.0
2018-02-07 10:00:00,2018-02-07 10:00:00,4.22,4.23,4.19,4.19,6584.0,18166.0
2018-02-07 10:30:00,2018-02-07 10:30:00,4.19,4.2,4.1,4.1,10779.0,143621.0
2018-02-07 11:00:00,2018-02-07 11:00:00,4.1,4.16,4.05,4.16,10306.0,170285.0
2018-02-07 13:00:00,2018-02-07 13:00:00,4.16,4.19,4.16,4.17,4280.0,549140.0
2018-02-07 13:30:00,2018-02-07 13:30:00,4.17,4.19,4.14,4.15,4385.0,183897.0
2018-02-07 14:00:00,2018-02-07 14:00:00,4.16,4.19,4.15,4.18,3202.0,44093.0
2018-02-07 14:30:00,2018-02-07 14:30:00,4.18,4.19,4.15,4.16,5142.0,15892.0
2018-02-08 09:30:00,2018-02-08 09:30:00,4.17,4.25,4.14,4.25,11736.0,303095.0
2018-02-08 10:00:00,2018-02-08 10:00:00,4.24,4.27,4.23,4.24,7450.0,258801.0
2018-02-08 10:30:00,2018-02-08 10:30:00,4.24,4.27,4.23,4.25,4684.0,33920.0
2018-02-08 11:00:00,2018-02-08 11:00:00,4.25,4.26,4.23,4.24,4941.0,18275.0
2018-02-08 13:00:00,2018-02-08 13:00:00,4.24,4.25,4.22,4.23,4968.0,89504.0
2018-02-08 13:30:00,2018-02-08 13:30:00,4.23,4.23,4.21,4.22,5455.0,3384.0
2018-02-08 14:00:00,2018-02-08 14:00:00,4.21,4.23,4.2,4.23,5429.0,631500.0
2018-02-08 14:30:00,2018-02-08 14:30:00,4.22,4.26,4.21,4.25,9498.0,350328.0
2018-02-09 09:30:00,2018-02-09 09:30:00,4.15,4.18,4.09,4.16,12945.0,749089.0
2018-02-09 10:00:00,2018-02-09 10:00:00,4.16,4.21,4.13,4.19,8672.0,11641.0
2018-02-09 10:30:00,2018-02-09 10:30:00,4.19,4.19,4.11,4.14,10000.0,118474.0
2018-02-09 11:00:00,2018-02-09 11:00:00,4.14,4.19,4.14,4.16,3597.0,8280.0
2018-02-09 13:00:00,2018-02-09 13:00:00,4.16,4.18,4.15,4.16,2152.0,91936.0
2018-02-09 13:30:00,2018-02-09 13:30:00,4.15,4.16,4.1,4.1,9379.0,830.0
2018-02-09 14:00:00,2018-02-09 14:00:00,4.11,4.12,4.07,4.12,7278.0,14385.0
2018-02-09 14:30:00,2018-02-09 14:30:00,4.11,4.14,4.1,4.13,7910.0,63296.0
2018-02-12 09:30:00,2018-02-12 09:30:00,4.17,4.24,4.16,4.22,13236.0,287813.0
2018-02-12 10:00:00,2018-02-12 10:00:00,4.21,4.27,4.21,4.24,9682.0,205379.0
2018-02-12 10:30:00,2018-02-12 10:30:00,4.24,4.26,4.22,4.25,7099.0,19080.0
2018-02-12 11:00:00,2018-02-12 11:00:00,4.25,4.28,4.25,4.26,4802.0,2125.0
2018-02-12 13:00:00,2018-02-12 13:00:00,4.26,4.27,4.24,4.25,2868.0,174213.0
2018-02-12 13:30:00,2018-02-12 13:30:00,4.25,4.26,4.24,4.26,3536.0,11900.0
2018-02-12 14:00:00,2018-02-12 14:00:00,4.26,4.27,4.25,4.26,2932.0,154212.0
2018-02-12 14:30:00,2018-02-12 14:30:00,4.26,4.27,4.24,4.26,7787.0,5540.0
2018-02-13 09:30:00,2018-02-13 09:30:00,4.26,4.3,4.26,4.29,8069.0,74665.0
2018-02-13 10:00:00,2018-02-13 10:00:00,4.29,4.3,4.28,4.28,4247.0,41184.0
2018-02-13 10:30:00,2018-02-13 10:30:00,4.29,4.3,4.28,4.29,3551.0,29115.0
2018-02-13 13:00:00,2018-02-13 13:00:00,4.29,4.29,4.27,4.27,2802.0,110253.0
2018-02-13 13:30:00,2018-02-13 13:30:00,4.27,4.28,4.25,4.25,2799.0,23076.0
2018-02-13 14:00:00,2018-02-13 14:00:00,4.26,4.27,4.25,4.27,3029.0,82081.0
2018-02-13 14:30:00,2018-02-13 14:30:00,4.27,4.27,4.24,4.26,4376.0,852.0
2018-02-14 09:30:00,2018-02-14 09:30:00,4.27,4.3,4.21,4.24,6076.0,61708.0
2018-02-14 10:00:00,2018-02-14 10:00:00,4.23,4.25,4.22,4.22,4075.0,128892.0
2018-02-14 10:30:00,2018-02-14 10:30:00,4.23,4.26,4.23,4.26,2010.0,113364.0
2018-02-14 11:00:00,2018-02-14 11:00:00,4.26,4.26,4.23,4.24,537.0,3404.0
2018-02-14 13:00:00,2018-02-14 13:00:00,4.24,4.25,4.22,4.25,2674.0,80560.0
2018-02-14 13:30:00,2018-02-14 13:30:00,4.26,4.27,4.25,4.27,2206.0,128652.0
2018-02-14 14:00:00,2018-02-14 14:00:00,4.26,4.27,4.25,4.25,1765.0,2130.0
2018-02-14 14:30:00,2018-02-14 14:30:00,4.26,4.27,4.25,4.26,6122.0,88608.0
2018-02-22 09:30:00,2018-02-22 09:30:00,4.3,4.36,4.3,4.31,10081.0,181126.0
2018-02-22 10:00:00,2018-02-22 10:00:00,4.31,4.35,4.3,4.33,4436.0,48675.0
2018-02-22 10:30:00,2018-02-22 10:30:00,4.33,4.34,4.32,4.33,3160.0,105009.0
2018-02-22 11:00:00,2018-02-22 11:00:00,4.33,4.36,4.32,4.34,4743.0,31176.0
2018-02-22 13:00:00,2018-02-22 13:00:00,4.34,4.35,4.33,4.33,1848.0,90915.0
2018-02-22 13:30:00,2018-02-22 13:30:00,4.34,4.35,4.33,4.35,2790.0,4340.0
2018-02-22 14:00:00,2018-02-22 14:00:00,4.35,4.35,4.33,4.34,2444.0,107859.0
2018-02-22 14:30:00,2018-02-22 14:30:00,4.33,4.35,4.33,4.34,3934.0,23865.0
2018-02-23 09:30:00,2018-02-23 09:30:00,4.35,4.38,4.31,4.36,8064.0,191000.0
2018-02-23 10:00:00,2018-02-23 10:00:00,4.36,4.36,4.34,4.35,3892.0,252361.0
2018-02-23 10:30:00,2018-02-23 10:30:00,4.35,4.36,4.33,4.33,3443.0,8700.0
2018-02-23 11:00:00,2018-02-23 11:00:00,4.33,4.34,4.32,4.34,2512.0,21251.0
2018-02-23 13:00:00,2018-02-23 13:00:00,4.34,4.34,4.32,4.32,1960.0,267344.0
2018-02-23 13:30:00,2018-02-23 13:30:00,4.32,4.34,4.32,4.34,2957.0,103680.0
2018-02-23 14:00:00,2018-02-23 14:00:00,4.34,4.36,4.33,4.36,5037.0,8680.0
2018-02-23 14:30:00,2018-02-23 14:30:00,4.36,4.36,4.35,4.36,3560.0,29174.0
2018-02-26 09:30:00,2018-02-26 09:30:00,4.38,4.4,4.36,4.37,8686.0,163660.0
2018-02-26 10:00:00,2018-02-26 10:00:00,4.37,4.4,4.37,4.39,5692.0,30590.0
2018-02-26 10:30:00,2018-02-26 10:30:00,4.39,4.43,4.39,4.42,4954.0,13608.0
2018-02-26 11:00:00,2018-02-26 11:00:00,4.41,4.44,4.41,4.44,4487.0,76299.0
2018-02-26 13:00:00,2018-02-26 13:00:00,4.44,4.46,4.44,4.44,4479.0,615841.0
2018-02-26 13:30:00,2018-02-26 13:30:00,4.44,4.46,4.43,4.44,5980.0,12899.0
2018-02-26 14:00:00,2018-02-26 14:00:00,4.44,4.46,4.43,4.44,3933.0,84804.0
2018-02-26 14:30:00,2018-02-26 14:30:00,4.44,4.45,4.44,4.45,5942.0,15540.0
2018-02-27 09:30:00,2018-02-27 09:30:00,4.45,4.7,4.43,4.64,45404.0,177953.0
2018-02-27 10:00:00,2018-02-27 10:00:00,4.64,4.64,4.57,4.58,17480.0,765047.0
2018-02-27 10:30:00,2018-02-27 10:30:00,4.58,4.61,4.56,4.58,7630.0,254278.0
2018-02-27 11:00:00,2018-02-27 11:00:00,4.58,4.59,4.54,4.55,6644.0,89311.0
2018-02-27 13:00:00,2018-02-27 13:00:00,4.55,4.57,4.54,4.55,3196.0,185987.0
2018-02-27 13:30:00,2018-02-27 13:30:00,4.56,4.57,4.52,4.53,4012.0,45599.0
2018-02-27 14:00:00,2018-02-27 14:00:00,4.54,4.55,4.53,4.54,5580.0,130298.0
2018-02-27 14:30:00,2018-02-27 14:30:00,4.54,4.54,4.51,4.51,8860.0,50334.0
2018-02-28 09:30:00,2018-02-28 09:30:00,4.48,4.48,4.38,4.45,25747.0,943557.0
2018-02-28 10:00:00,2018-02-28 10:00:00,4.46,4.56,4.45,4.54,14423.0,150748.0
2018-02-28 10:30:00,2018-02-28 10:30:00,4.54,4.55,4.51,4.54,4980.0,146073.0
2018-02-28 11:00:00,2018-02-28 11:00:00,4.53,4.55,4.5,4.51,3842.0,21318.0
2018-02-28 13:00:00,2018-02-28 13:00:00,4.51,4.52,4.48,4.5,5396.0,62353.0
2018-02-28 13:30:00,2018-02-28 13:30:00,4.5,4.52,4.48,4.51,3959.0,12590.0
2018-02-28 14:00:00,2018-02-28 14:00:00,4.5,4.53,4.5,4.51,3644.0,73932.0
2018-02-28 14:30:00,2018-02-28 14:30:00,4.51,4.53,4.5,4.52,5670.0,74760.0
2018-03-01 09:30:00,2018-03-01 09:30:00,4.5,4.57,4.46,4.53,11082.0,351683.0
2018-03-01 10:00:00,2018-03-01 10:00:00,4.54,4.61,4.54,4.59,13314.0,125758.0
2018-03-01 10:30:00,2018-03-01 10:30:00,4.58,4.59,4.57,4.57,5977.0,109531.0
2018-03-01 11:00:00,2018-03-01 11:00:00,4.58,4.58,4.54,4.57,6382.0,285229.0
2018-03-01 13:00:00,2018-03-01 13:00:00,4.57,4.65,4.56,4.6,14072.0,263436.0
2018-03-01 13:30:00,2018-03-01 13:30:00,4.61,4.63,4.6,4.61,11165.0,397038.0
2018-03-01 14:00:00,2018-03-01 14:00:00,4.62,4.63,4.59,4.61,6582.0,235590.0
2018-03-01 14:30:00,2018-03-01 14:30:00,4.61,4.62,4.6,4.62,11162.0,29093.0
2018-03-02 09:30:00,2018-03-02 09:30:00,4.6,4.67,4.57,4.64,21424.0,1182428.0
2018-03-02 10:00:00,2018-03-02 10:00:00,4.64,4.7,4.62,4.67,15137.0,90860.0
2018-03-02 10:30:00,2018-03-02 10:30:00,4.67,4.67,4.62,4.66,9413.0,5131.0
2018-03-02 11:00:00,2018-03-02 11:00:00,4.66,4.66,4.6,4.62,7759.0,28892.0
2018-03-02 13:00:00,2018-03-02 13:00:00,4.62,4.86,4.62,4.76,50200.0,4541097.0
2018-03-02 13:30:00,2018-03-02 13:30:00,4.77,4.77,4.71,4.72,6559.0,103480.0
2018-03-02 14:00:00,2018-03-02 14:00:00,4.71,4.75,4.68,4.75,10661.0,336322.0
2018-03-02 14:30:00,2018-03-02 14:30:00,4.75,4.75,4.7,4.74,16756.0,315202.0
2018-03-05 09:30:00,2018-03-05 09:30:00,4.72,4.85,4.7,4.82,50983.0,4143066.0
2018-03-05 10:00:00,2018-03-05 10:00:00,4.82,4.83,4.77,4.81,17771.0,410581.0
2018-03-05 10:30:00,2018-03-05 10:30:00,4.82,4.82,4.78,4.79,8363.0,247565.0
2018-03-05 11:00:00,2018-03-05 11:00:00,4.8,4.81,4.78,4.8,9546.0,168139.0
2018-03-05 13:00:00,2018-03-05 13:00:00,4.8,4.82,4.78,4.79,6459.0,556350.0
2018-03-05 13:30:00,2018-03-05 13:30:00,4.8,4.82,4.79,4.81,7864.0,74872.0
2018-03-05 14:00:00,2018-03-05 14:00:00,4.81,4.83,4.79,4.83,12221.0,37034.0
2018-03-05 14:30:00,2018-03-05 14:30:00,4.83,4.94,4.83,4.9,45368.0,1574540.0
2018-03-06 09:30:00,2018-03-06 09:30:00,4.95,4.98,4.84,4.9,45085.0,4207135.0
2018-03-06 10:00:00,2018-03-06 10:00:00,4.9,4.92,4.85,4.87,15170.0,210013.0
2018-03-06 10:30:00,2018-03-06 10:30:00,4.87,4.88,4.84,4.86,11374.0,176328.0
2018-03-06 11:00:00,2018-03-06 11:00:00,4.86,4.88,4.84,4.87,7273.0,397947.0
2018-03-06 13:00:00,2018-03-06 13:00:00,4.87,4.92,4.87,4.91,11497.0,471417.0
2018-03-06 13:30:00,2018-03-06 13:30:00,4.9,4.91,4.83,4.83,16730.0,281011.0
2018-03-06 14:00:00,2018-03-06 14:00:00,4.83,4.84,4.78,4.82,23297.0,589891.0
2018-03-06 14:30:00,2018-03-06 14:30:00,4.82,4.82,4.8,4.82,18436.0,48624.0
2018-03-07 09:30:00,2018-03-07 09:30:00,4.77,4.81,4.76,4.77,22548.0,926649.0
2018-03-07 10:00:00,2018-03-07 10:00:00,4.76,4.78,4.73,4.73,18400.0,256340.0
2018-03-07 10:30:00,2018-03-07 10:30:00,4.74,4.75,4.73,4.74,9746.0,48741.0
2018-03-07 11:00:00,2018-03-07 11:00:00,4.74,4.75,4.67,4.7,14598.0,119391.0
2018-03-07 13:00:00,2018-03-07 13:00:00,4.7,4.74,4.69,4.7,7618.0,457460.0
2018-03-07 13:30:00,2018-03-07 13:30:00,4.71,4.72,4.7,4.72,6745.0,64948.0
2018-03-07 14:00:00,2018-03-07 14:00:00,4.72,4.73,4.71,4.71,4081.0,141116.0
2018-03-07 14:30:00,2018-03-07 14:30:00,4.72,4.72,4.7,4.71,10080.0,80173.0
2018-03-08 09:30:00,2018-03-08 09:30:00,4.66,4.73,4.66,4.72,8278.0,468846.0
2018-03-08 10:00:00,2018-03-08 10:00:00,4.73,4.76,4.72,4.73,11564.0,27899.0
2018-03-08 10:30:00,2018-03-08 10:30:00,4.74,4.85,4.72,4.81,30303.0,74891.0
2018-03-08 11:00:00,2018-03-08 11:00:00,4.81,4.82,4.77,4.77,6262.0,252057.0
2018-03-08 13:00:00,2018-03-08 13:00:00,4.77,4.79,4.74,4.77,7996.0,392083.0
2018-03-08 13:30:00,2018-03-08 13:30:00,4.77,4.77,4.73,4.74,5943.0,89197.0
2018-03-08 14:00:00,2018-03-08 14:00:00,4.73,4.76,4.73,4.75,3823.0,94644.0
2018-03-08 14:30:00,2018-03-08 14:30:00,4.75,4.76,4.73,4.75,6213.0,4750.0
